{"source": "笹垣", "target": "中冢", "value": 34},
{"source": "笹垣", "target": "古贺", "value": 147},
{"source": "笹垣", "target": "弥生子", "value": 77},
{"source": "笹垣", "target": "桐原", "value": 186},
{"source": "笹垣", "target": "洋介", "value": 24},
{"source": "笹垣", "target": "松浦", "value": 101},
{"source": "笹垣", "target": "文代", "value": 57},
{"source": "笹垣", "target": "雪穗", "value": 225},
{"source": "笹垣", "target": "寺崎", "value": 63},
{"source": "笹垣", "target": "今枝", "value": 167},
{"source": "笹垣", "target": "一成", "value": 197},
{"source": "笹垣", "target": "绘里", "value": 21},
{"source": "笹垣", "target": "菊池", "value": 79},
{"source": "笹垣", "target": "典子", "value": 23},
{"source": "中冢", "target": "笹垣", "value": 34},
{"source": "古贺", "target": "笹垣", "value": 147},
{"source": "古贺", "target": "桐原", "value": 32},
{"source": "古贺", "target": "雪穗", "value": 65},
{"source": "古贺", "target": "文代", "value": 31},
{"source": "古贺", "target": "寺崎", "value": 31},
{"source": "桐原", "target": "洋介", "value": 70},
{"source": "桐原", "target": "笹垣", "value": 186},
{"source": "桐原", "target": "弥生子", "value": 38},
{"source": "桐原", "target": "古贺", "value": 32},
{"source": "桐原", "target": "松浦", "value": 101},
{"source": "桐原", "target": "文代", "value": 99},
{"source": "桐原", "target": "雪穗", "value": 74},
{"source": "桐原", "target": "寺崎", "value": 24},
{"source": "桐原", "target": "菊池", "value": 156},
{"source": "桐原", "target": "园村", "value": 578},
{"source": "桐原", "target": "奈美江", "value": 70},
{"source": "桐原", "target": "弘惠", "value": 75},
{"source": "桐原", "target": "一成", "value": 26},
{"source": "洋介", "target": "桐原", "value": 70},
{"source": "洋介", "target": "笹垣", "value": 24},
{"source": "弥生子", "target": "笹垣", "value": 77},
{"source": "弥生子", "target": "桐原", "value": 38},
{"source": "弥生子", "target": "松浦", "value": 56},
{"source": "松浦", "target": "笹垣", "value": 101},
{"source": "松浦", "target": "桐原", "value": 101},
{"source": "松浦", "target": "弥生子", "value": 56},
{"source": "松浦", "target": "园村", "value": 55},
{"source": "文代", "target": "桐原", "value": 99},
{"source": "文代", "target": "笹垣", "value": 57},
{"source": "文代", "target": "古贺", "value": 31},
{"source": "文代", "target": "雪穗", "value": 79},
{"source": "文代", "target": "寺崎", "value": 25},
{"source": "雪穗", "target": "古贺", "value": 65},
{"source": "雪穗", "target": "桐原", "value": 74},
{"source": "雪穗", "target": "笹垣", "value": 225},
{"source": "雪穗", "target": "文代", "value": 79},
{"source": "雪穗", "target": "田川", "value": 43},
{"source": "雪穗", "target": "江利子", "value": 249},
{"source": "雪穗", "target": "藤村", "value": 29},
{"source": "雪穗", "target": "礼子", "value": 85},
{"source": "雪穗", "target": "正晴", "value": 70},
{"source": "雪穗", "target": "一成", "value": 193},
{"source": "雪穗", "target": "高宫", "value": 96},
{"source": "雪穗", "target": "夏美", "value": 53},
{"source": "雪穗", "target": "今枝", "value": 194},
{"source": "雪穗", "target": "康晴", "value": 106},
{"source": "雪穗", "target": "寺崎", "value": 21},
{"source": "雪穗", "target": "美佳", "value": 134},
{"source": "雪穗", "target": "菊池", "value": 37},
{"source": "寺崎", "target": "文代", "value": 25},
{"source": "寺崎", "target": "桐原", "value": 24},
{"source": "寺崎", "target": "古贺", "value": 31},
{"source": "寺崎", "target": "笹垣", "value": 63},
{"source": "寺崎", "target": "雪穗", "value": 21},
{"source": "田川", "target": "雪穗", "value": 43},
{"source": "菊池", "target": "桐原", "value": 156},
{"source": "菊池", "target": "笹垣", "value": 79},
{"source": "菊池", "target": "雪穗", "value": 37},
{"source": "菊池", "target": "一成", "value": 22},
{"source": "江利子", "target": "雪穗", "value": 249},
{"source": "江利子", "target": "一成", "value": 90},
{"source": "江利子", "target": "香苗", "value": 22},
{"source": "牟田", "target": "雪穗", "value": 9},
{"source": "藤村", "target": "雪穗", "value": 29},
{"source": "礼子", "target": "雪穗", "value": 85},
{"source": "礼子", "target": "正晴", "value": 31},
{"source": "园村", "target": "桐原", "value": 578},
{"source": "园村", "target": "夕子", "value": 54},
{"source": "园村", "target": "奈美江", "value": 112},
{"source": "园村", "target": "弘惠", "value": 117},
{"source": "园村", "target": "松浦", "value": 55},
{"source": "夕子", "target": "园村", "value": 54},
{"source": "奈美江", "target": "桐原", "value": 70},
{"source": "奈美江", "target": "园村", "value": 112},
{"source": "正晴", "target": "礼子", "value": 31},
{"source": "正晴", "target": "雪穗", "value": 70},
{"source": "一成", "target": "香苗", "value": 21},
{"source": "一成", "target": "雪穗", "value": 193},
{"source": "一成", "target": "江利子", "value": 90},
{"source": "一成", "target": "今枝", "value": 121},
{"source": "一成", "target": "高宫", "value": 23},
{"source": "一成", "target": "康晴", "value": 124},
{"source": "一成", "target": "笹垣", "value": 197},
{"source": "一成", "target": "桐原", "value": 26},
{"source": "一成", "target": "菊池", "value": 22},
{"source": "香苗", "target": "一成", "value": 21},
{"source": "香苗", "target": "江利子", "value": 22},
{"source": "高宫", "target": "千都留", "value": 51},
{"source": "高宫", "target": "雪穗", "value": 96},
{"source": "高宫", "target": "今枝", "value": 140},
{"source": "高宫", "target": "一成", "value": 23},
{"source": "千都留", "target": "高宫", "value": 51},
{"source": "弘惠", "target": "园村", "value": 117},
{"source": "弘惠", "target": "桐原", "value": 75},
{"source": "夏美", "target": "雪穗", "value": 53},
{"source": "今枝", "target": "高宫", "value": 140},
{"source": "今枝", "target": "一成", "value": 121},
{"source": "今枝", "target": "雪穗", "value": 194},
{"source": "今枝", "target": "绘里", "value": 89},
{"source": "今枝", "target": "邦子", "value": 40},
{"source": "今枝", "target": "笹垣", "value": 167},
{"source": "康晴", "target": "雪穗", "value": 106},
{"source": "康晴", "target": "一成", "value": 124},
{"source": "康晴", "target": "美佳", "value": 79},
{"source": "绘里", "target": "今枝", "value": 89},
{"source": "绘里", "target": "笹垣", "value": 21},
{"source": "邦子", "target": "今枝", "value": 40},
{"source": "典子", "target": "笹垣", "value": 23},
{"source": "美佳", "target": "康晴", "value": 79},
{"source": "美佳", "target": "雪穗", "value": 134},
{"source": "笹垣", "target": "中冢", "value": 34},
{"source": "笹垣", "target": "古贺", "value": 147},
{"source": "笹垣", "target": "弥生子", "value": 77},
{"source": "笹垣", "target": "桐原", "value": 186},
{"source": "笹垣", "target": "洋介", "value": 24},
{"source": "笹垣", "target": "松浦", "value": 101},
{"source": "笹垣", "target": "文代", "value": 57},
{"source": "笹垣", "target": "雪穗", "value": 225},
{"source": "笹垣", "target": "寺崎", "value": 63},
{"source": "笹垣", "target": "今枝", "value": 167},
{"source": "笹垣", "target": "一成", "value": 197},
{"source": "笹垣", "target": "绘里", "value": 21},
{"source": "笹垣", "target": "菊池", "value": 79},
{"source": "笹垣", "target": "典子", "value": 23},
{"source": "中冢", "target": "笹垣", "value": 34},
{"source": "古贺", "target": "笹垣", "value": 147},
{"source": "古贺", "target": "桐原", "value": 32},
{"source": "古贺", "target": "雪穗", "value": 65},
{"source": "古贺", "target": "文代", "value": 31},
{"source": "古贺", "target": "寺崎", "value": 31},
{"source": "桐原", "target": "洋介", "value": 70},
{"source": "桐原", "target": "笹垣", "value": 186},
{"source": "桐原", "target": "弥生子", "value": 38},
{"source": "桐原", "target": "古贺", "value": 32},
{"source": "桐原", "target": "松浦", "value": 101},
{"source": "桐原", "target": "文代", "value": 99},
{"source": "桐原", "target": "雪穗", "value": 74},
{"source": "桐原", "target": "寺崎", "value": 24},
{"source": "桐原", "target": "菊池", "value": 156},
{"source": "桐原", "target": "园村", "value": 578},
{"source": "桐原", "target": "奈美江", "value": 70},
{"source": "桐原", "target": "弘惠", "value": 75},
{"source": "桐原", "target": "一成", "value": 26},
{"source": "洋介", "target": "桐原", "value": 70},
{"source": "洋介", "target": "笹垣", "value": 24},
{"source": "弥生子", "target": "笹垣", "value": 77},
{"source": "弥生子", "target": "桐原", "value": 38},
{"source": "弥生子", "target": "松浦", "value": 56},
{"source": "松浦", "target": "笹垣", "value": 101},
{"source": "松浦", "target": "桐原", "value": 101},
{"source": "松浦", "target": "弥生子", "value": 56},
{"source": "松浦", "target": "园村", "value": 55},
{"source": "文代", "target": "桐原", "value": 99},
{"source": "文代", "target": "笹垣", "value": 57},
{"source": "文代", "target": "古贺", "value": 31},
{"source": "文代", "target": "雪穗", "value": 79},
{"source": "文代", "target": "寺崎", "value": 25},
{"source": "雪穗", "target": "古贺", "value": 65},
{"source": "雪穗", "target": "桐原", "value": 74},
{"source": "雪穗", "target": "笹垣", "value": 225},
{"source": "雪穗", "target": "文代", "value": 79},
{"source": "雪穗", "target": "田川", "value": 43},
{"source": "雪穗", "target": "江利子", "value": 249},
{"source": "雪穗", "target": "藤村", "value": 29},
{"source": "雪穗", "target": "礼子", "value": 85},
{"source": "雪穗", "target": "正晴", "value": 70},
{"source": "雪穗", "target": "一成", "value": 193},
{"source": "雪穗", "target": "高宫", "value": 96},
{"source": "雪穗", "target": "夏美", "value": 53},
{"source": "雪穗", "target": "今枝", "value": 194},
{"source": "雪穗", "target": "康晴", "value": 106},
{"source": "雪穗", "target": "寺崎", "value": 21},
{"source": "雪穗", "target": "美佳", "value": 134},
{"source": "雪穗", "target": "菊池", "value": 37},
{"source": "寺崎", "target": "文代", "value": 25},
{"source": "寺崎", "target": "桐原", "value": 24},
{"source": "寺崎", "target": "古贺", "value": 31},
{"source": "寺崎", "target": "笹垣", "value": 63},
{"source": "寺崎", "target": "雪穗", "value": 21},
{"source": "田川", "target": "雪穗", "value": 43},
{"source": "菊池", "target": "桐原", "value": 156},
{"source": "菊池", "target": "笹垣", "value": 79},
{"source": "菊池", "target": "雪穗", "value": 37},
{"source": "菊池", "target": "一成", "value": 22},
{"source": "江利子", "target": "雪穗", "value": 249},
{"source": "江利子", "target": "一成", "value": 90},
{"source": "江利子", "target": "香苗", "value": 22},
{"source": "牟田", "target": "雪穗", "value": 9},
{"source": "藤村", "target": "雪穗", "value": 29},
{"source": "礼子", "target": "雪穗", "value": 85},
{"source": "礼子", "target": "正晴", "value": 31},
{"source": "园村", "target": "桐原", "value": 578},
{"source": "园村", "target": "夕子", "value": 54},
{"source": "园村", "target": "奈美江", "value": 112},
{"source": "园村", "target": "弘惠", "value": 117},
{"source": "园村", "target": "松浦", "value": 55},
{"source": "夕子", "target": "园村", "value": 54},
{"source": "奈美江", "target": "桐原", "value": 70},
{"source": "奈美江", "target": "园村", "value": 112},
{"source": "正晴", "target": "礼子", "value": 31},
{"source": "正晴", "target": "雪穗", "value": 70},
{"source": "一成", "target": "香苗", "value": 21},
{"source": "一成", "target": "雪穗", "value": 193},
{"source": "一成", "target": "江利子", "value": 90},
{"source": "一成", "target": "今枝", "value": 121},
{"source": "一成", "target": "高宫", "value": 23},
{"source": "一成", "target": "康晴", "value": 124},
{"source": "一成", "target": "笹垣", "value": 197},
{"source": "一成", "target": "桐原", "value": 26},
{"source": "一成", "target": "菊池", "value": 22},
{"source": "香苗", "target": "一成", "value": 21},
{"source": "香苗", "target": "江利子", "value": 22},
{"source": "高宫", "target": "千都留", "value": 51},
{"source": "高宫", "target": "雪穗", "value": 96},
{"source": "高宫", "target": "今枝", "value": 140},
{"source": "高宫", "target": "一成", "value": 23},
{"source": "千都留", "target": "高宫", "value": 51},
{"source": "弘惠", "target": "园村", "value": 117},
{"source": "弘惠", "target": "桐原", "value": 75},
{"source": "夏美", "target": "雪穗", "value": 53},
{"source": "今枝", "target": "高宫", "value": 140},
{"source": "今枝", "target": "一成", "value": 121},
{"source": "今枝", "target": "雪穗", "value": 194},
{"source": "今枝", "target": "绘里", "value": 89},
{"source": "今枝", "target": "邦子", "value": 40},
{"source": "今枝", "target": "笹垣", "value": 167},
{"source": "康晴", "target": "雪穗", "value": 106},
{"source": "康晴", "target": "一成", "value": 124},
{"source": "康晴", "target": "美佳", "value": 79},
{"source": "绘里", "target": "今枝", "value": 89},
{"source": "绘里", "target": "笹垣", "value": 21},
{"source": "邦子", "target": "今枝", "value": 40},
{"source": "典子", "target": "笹垣", "value": 23},
{"source": "美佳", "target": "康晴", "value": 79},
{"source": "美佳", "target": "雪穗", "value": 134},
{"source": "笹垣", "target": "中冢", "value": 34},
{"source": "笹垣", "target": "古贺", "value": 147},
{"source": "笹垣", "target": "弥生子", "value": 77},
{"source": "笹垣", "target": "桐原", "value": 186},
{"source": "笹垣", "target": "洋介", "value": 24},
{"source": "笹垣", "target": "松浦", "value": 101},
{"source": "笹垣", "target": "文代", "value": 57},
{"source": "笹垣", "target": "雪穗", "value": 225},
{"source": "笹垣", "target": "寺崎", "value": 63},
{"source": "笹垣", "target": "今枝", "value": 167},
{"source": "笹垣", "target": "一成", "value": 197},
{"source": "笹垣", "target": "绘里", "value": 21},
{"source": "笹垣", "target": "菊池", "value": 79},
{"source": "笹垣", "target": "典子", "value": 23},
{"source": "中冢", "target": "笹垣", "value": 34},
{"source": "古贺", "target": "笹垣", "value": 147},
{"source": "古贺", "target": "桐原", "value": 32},
{"source": "古贺", "target": "雪穗", "value": 65},
{"source": "古贺", "target": "文代", "value": 31},
{"source": "古贺", "target": "寺崎", "value": 31},
{"source": "桐原", "target": "洋介", "value": 70},
{"source": "桐原", "target": "笹垣", "value": 186},
{"source": "桐原", "target": "弥生子", "value": 38},
{"source": "桐原", "target": "古贺", "value": 32},
{"source": "桐原", "target": "松浦", "value": 101},
{"source": "桐原", "target": "文代", "value": 99},
{"source": "桐原", "target": "雪穗", "value": 74},
{"source": "桐原", "target": "寺崎", "value": 24},
{"source": "桐原", "target": "菊池", "value": 156},
{"source": "桐原", "target": "园村", "value": 578},
{"source": "桐原", "target": "奈美江", "value": 70},
{"source": "桐原", "target": "弘惠", "value": 75},
{"source": "桐原", "target": "一成", "value": 26},
{"source": "洋介", "target": "桐原", "value": 70},
{"source": "洋介", "target": "笹垣", "value": 24},
{"source": "弥生子", "target": "笹垣", "value": 77},
{"source": "弥生子", "target": "桐原", "value": 38},
{"source": "弥生子", "target": "松浦", "value": 56},
{"source": "松浦", "target": "笹垣", "value": 101},
{"source": "松浦", "target": "桐原", "value": 101},
{"source": "松浦", "target": "弥生子", "value": 56},
{"source": "松浦", "target": "园村", "value": 55},
{"source": "文代", "target": "桐原", "value": 99},
{"source": "文代", "target": "笹垣", "value": 57},
{"source": "文代", "target": "古贺", "value": 31},
{"source": "文代", "target": "雪穗", "value": 79},
{"source": "文代", "target": "寺崎", "value": 25},
{"source": "雪穗", "target": "古贺", "value": 65},
{"source": "雪穗", "target": "桐原", "value": 74},
{"source": "雪穗", "target": "笹垣", "value": 225},
{"source": "雪穗", "target": "文代", "value": 79},
{"source": "雪穗", "target": "田川", "value": 43},
{"source": "雪穗", "target": "江利子", "value": 249},
{"source": "雪穗", "target": "藤村", "value": 29},
{"source": "雪穗", "target": "礼子", "value": 85},
{"source": "雪穗", "target": "正晴", "value": 70},
{"source": "雪穗", "target": "一成", "value": 193},
{"source": "雪穗", "target": "高宫", "value": 96},
{"source": "雪穗", "target": "夏美", "value": 53},
{"source": "雪穗", "target": "今枝", "value": 194},
{"source": "雪穗", "target": "康晴", "value": 106},
{"source": "雪穗", "target": "寺崎", "value": 21},
{"source": "雪穗", "target": "美佳", "value": 134},
{"source": "雪穗", "target": "菊池", "value": 37},
{"source": "寺崎", "target": "文代", "value": 25},
{"source": "寺崎", "target": "桐原", "value": 24},
{"source": "寺崎", "target": "古贺", "value": 31},
{"source": "寺崎", "target": "笹垣", "value": 63},
{"source": "寺崎", "target": "雪穗", "value": 21},
{"source": "田川", "target": "雪穗", "value": 43},
{"source": "菊池", "target": "桐原", "value": 156},
{"source": "菊池", "target": "笹垣", "value": 79},
{"source": "菊池", "target": "雪穗", "value": 37},
{"source": "菊池", "target": "一成", "value": 22},
{"source": "江利子", "target": "雪穗", "value": 249},
{"source": "江利子", "target": "一成", "value": 90},
{"source": "江利子", "target": "香苗", "value": 22},
{"source": "牟田", "target": "雪穗", "value": 9},
{"source": "藤村", "target": "雪穗", "value": 29},
{"source": "礼子", "target": "雪穗", "value": 85},
{"source": "礼子", "target": "正晴", "value": 31},
{"source": "园村", "target": "桐原", "value": 578},
{"source": "园村", "target": "夕子", "value": 54},
{"source": "园村", "target": "奈美江", "value": 112},
{"source": "园村", "target": "弘惠", "value": 117},
{"source": "园村", "target": "松浦", "value": 55},
{"source": "夕子", "target": "园村", "value": 54},
{"source": "奈美江", "target": "桐原", "value": 70},
{"source": "奈美江", "target": "园村", "value": 112},
{"source": "正晴", "target": "礼子", "value": 31},
{"source": "正晴", "target": "雪穗", "value": 70},
{"source": "一成", "target": "香苗", "value": 21},
{"source": "一成", "target": "雪穗", "value": 193},
{"source": "一成", "target": "江利子", "value": 90},
{"source": "一成", "target": "今枝", "value": 121},
{"source": "一成", "target": "高宫", "value": 23},
{"source": "一成", "target": "康晴", "value": 124},
{"source": "一成", "target": "笹垣", "value": 197},
{"source": "一成", "target": "桐原", "value": 26},
{"source": "一成", "target": "菊池", "value": 22},
{"source": "香苗", "target": "一成", "value": 21},
{"source": "香苗", "target": "江利子", "value": 22},
{"source": "高宫", "target": "千都留", "value": 51},
{"source": "高宫", "target": "雪穗", "value": 96},
{"source": "高宫", "target": "今枝", "value": 140},
{"source": "高宫", "target": "一成", "value": 23},
{"source": "千都留", "target": "高宫", "value": 51},
{"source": "弘惠", "target": "园村", "value": 117},
{"source": "弘惠", "target": "桐原", "value": 75},
{"source": "夏美", "target": "雪穗", "value": 53},
{"source": "今枝", "target": "高宫", "value": 140},
{"source": "今枝", "target": "一成", "value": 121},
{"source": "今枝", "target": "雪穗", "value": 194},
{"source": "今枝", "target": "绘里", "value": 89},
{"source": "今枝", "target": "邦子", "value": 40},
{"source": "今枝", "target": "笹垣", "value": 167},
{"source": "康晴", "target": "雪穗", "value": 106},
{"source": "康晴", "target": "一成", "value": 124},
{"source": "康晴", "target": "美佳", "value": 79},
{"source": "绘里", "target": "今枝", "value": 89},
{"source": "绘里", "target": "笹垣", "value": 21},
{"source": "邦子", "target": "今枝", "value": 40},
{"source": "典子", "target": "笹垣", "value": 23},
{"source": "美佳", "target": "康晴", "value": 79},
{"source": "美佳", "target": "雪穗", "value": 134},
